{
    "aggregate_height": 0.2657524814627033,
    "max_height": 0.20508422916135916,
    "holes": 0.3030612872925905,
    "bumpiness": 0.2261020020833469
}